Name,Phone
Isaac Harrington,+1-457-823-3982x3017
Jessica Rodriguez,477.901.3484
Michael Campbell,430-700-4678x4108
Samantha Warren,(530)830-6828x995
Kenneth Wall,+1-787-561-5658x072
Mr. Andrew Larson,600-277-6348x40693
Stacie Baker,(472)346-1503
Joseph Marshall,939-896-5276
Alexis Thomas,338-220-4420x7935
Kelsey Green,861-497-1528x215
Anthony Hartman,001-282-442-7639
Kristen Cobb,746-754-3200x7454
Jonathan Torres,9739848608
Brandon Davila,+1-314-982-1815x59030
Vickie Moore,001-831-330-1675x7739
Amber Armstrong,(536)813-1005x8939
Katherine Taylor,001-458-964-2151x120
Danielle Burke,001-575-881-1084x62850
Shelley Dyer,001-249-283-8092x84898
Tyler Dunlap,(399)414-7886
Robert Johnson,694-951-6615x0905
Amy Moon,320-476-2414
Kenneth Allen,678.456.5514x47405
Cheryl Brown,001-628-413-9400x725
Kimberly Nguyen,423.792.6619x816
Madison Lynch,001-342-747-2510x22973
Theresa Cunningham,+1-331-706-7454
Kathy Mitchell,001-723-257-5438
Karla Ramos,456.817.8215x72957
Dr. Jennifer Fisher,971-999-0581x87697
Kevin Richardson,438-741-5407x0377
Lisa Lambert,8883244342
Sharon Kelley,(867)630-3048
Emily Wilson,001-932-988-1283
Charles King,+1-283-766-1792x88298
Maria Harris,350-865-1359
Joshua Williams,+1-781-736-1973x192
Kelly Brown,723.668.0590x92634
Donna Turner,263.481.0644x3438
Kevin Richardson,632.918.2084x78515
Gregory Robinson,797-474-1921x3787
Alexis Rocha,+1-368-283-4966
Angel Lindsey,585.913.3927
Tyler Watson,573-331-7065
Madison Hansen,894.874.4679
Elizabeth Strong,(768)763-9408
Erin Jones,8884380403
Robert Holland,(481)757-8852x69661
Michael Jones,520-685-7016x3138
James Keller,(818)475-6189
Todd Smith,+1-767-560-8695x29009
Richard Richardson,(299)883-0377
Lauren Frey,9242486195
Brittany Robinson,392.468.2810x2651
Elizabeth Barber,257-389-8327
Adam Williams,(773)686-2965
Bradley Huffman,(274)304-4886x58960
Michael Martinez,+1-435-442-4523x07949
Darlene Cohen,827.986.5330x5337
Rachel Willis,+1-590-919-2079x5413
Victor Hall,557.624.7574x66313
Lisa Davis,297-317-8997x0985
Christian Osborne,(448)667-1622x758
David Russell,786.529.6884x15916
Bethany Wolf,893.423.1481
Joseph Oliver,340-331-3541x2916
Jennifer French,382.652.5993
Timothy Hoffman,(988)660-7098
Hannah James,671.709.2795x20728
Mr. William Perez,(350)575-0646x05347
Allen Brown,614.441.1106x841
Paul Bell,(706)552-5707
Brian Jones,(735)403-1943
Eugene Ward,+1-615-334-1886x912
Kelly Preston,+1-360-328-3134x263
Jennifer Smith,001-986-578-2201x7804
Kimberly Spears,6065261750
Elizabeth Long,+1-648-827-9554x713
Brett Ashley,(320)740-6103x87841
Melissa Barnett,(507)763-5949x23346
Matthew Rocha,766-403-8770
Tyler Woods,(742)468-7747x13415
Bobby Thomas,9039139415
Mary Hanson,445.331.1252x761
Julie Jackson,715.767.0156x92550
Kathleen Hernandez,589.223.5661x3382
Jill Schmidt,(813)885-8746
Jessica Moore,(607)532-8069x583
Gregory Holt,+1-378-457-6469
Cory Harrison,681.682.1804
Mr. Christopher Snow,+1-251-933-2038
Shannon Rice,001-226-761-0523x28005
Amanda Nicholson,(706)206-1176
Erik Cohen,001-736-839-1597x077
James Patrick,(900)695-8722x4710
William Stout,289-876-6950
Dylan Nielsen,287.391.4621
Arthur Osborne,(520)734-7988x436
Rebecca Williamson,001-223-890-2507x504
Mr. Michael Burns,979.542.0461
Frederick Jones,304.601.5069x55973
Tyrone Morris,716.644.6715x2553
Mary Wolf,2622378199
Benjamin Smith,(620)875-5963
David Gould,517-478-6501x104
Lauren Ward,351-997-8466x83817
Kristi Moore,(806)376-7469
Jaime Ross,+1-273-317-9018x023
Jose Olson,(347)298-0866x42673
Lisa Walsh,334-870-8290x51651
Christopher Nicholson,607-425-8583x98076
Kristen Lewis,205-718-5809
Amy Mendoza,(411)893-8631
Edward Taylor,865.271.2943
Steven Anderson,001-525-271-6989x74670
Jeffrey Fisher,(465)560-7498x3864
Brandi Downs,(424)225-4870
Carlos Holland,001-739-766-4588x35871
Dr. Beth Weber,266.480.8067
Melissa Bray,001-980-992-0083x998
Jeffrey Brown,+1-220-655-0530x794
Dwayne Smith,(464)637-7015x1867
Brandon Hurst,407.799.5152
William Hurst,5089290613
Michael Roach,445-288-6452x954
Brad Rodriguez,(427)344-8547
Robert Wolf,463-839-3631
Matthew Sanchez,(948)219-6851x799
Tammy Powell,+1-821-209-2303x636
Jennifer Stewart,+1-925-864-7009
Kevin Davis,6809710725
Amy Howard,(484)899-4361x7937
Francisco Price,890.935.4791x8353
Amber Thompson,373-377-2013x479
Robert Ward,(229)983-6481x204
Harold Sawyer,3163017551
Jessica Lewis,885.282.9673x69972
Jordan Morrison,(451)250-5736x922
Michelle Massey,001-593-424-1438x7550
Jesse Rodriguez,+1-473-838-4982x95076
Judith Chen,001-851-800-4943
Steven Perkins,(761)934-7059
Sydney Castaneda,001-826-656-4671x50601
Mark Ramirez,319.751.4321
Ernest Smith,298-439-2490
Maria Lam,(623)634-9228x366
Timothy Swanson,(384)604-6066x9129
Lisa Booth,371-761-7362
Miss Maria Nelson DVM,568-881-1635x6051
Joshua Huynh,(245)423-3509x05116
Adrian Wang,+1-413-328-0940x0560
Robert Webster,(226)489-0499x2733
Donald Haynes,(608)465-2814
Lori Hancock,+1-213-958-8448
Ronald Ramirez,2255789623
Matthew Young,+1-641-901-5921
Scott Johnson,(460)631-7095
Amy Kelley,774-682-4407x22447
Jared Woods,(898)618-9588
Madeline Wright,798.764.1466
Charles Martin,001-399-532-0907
Andrea Christensen,860.834.2628
Sylvia Ellis,+1-358-620-2392
Derek Wilson,001-331-707-7741x793
Jermaine Chavez,961.736.4346x3550
Stephanie Lee,472-213-8259x842
Sabrina Carter,(989)914-8065x11437
Emily Peterson,447-765-2296x08278
Shane Harper,(421)507-7486x193
Timothy Mendez,001-646-703-2394x5382
William Martinez,+1-248-562-7338x083
Robert Ward,001-736-939-1831x1284
Deborah Fowler,+1-730-697-5232x38259
Haley Gomez,297-345-1062x0661
Tyler Webb,(401)225-9656
Kimberly Jones,(430)204-5202x4222
Anthony Brown,745-982-7008x02863
Mitchell Dennis,+1-507-345-4614x06256
Tiffany Smith,(244)876-1258x44805
Heather Stewart,777.734.3767x345
Vincent Simmons,(609)591-4241x8295
Donald Greene,727-925-0177x65430
Michele Fischer,942.549.0754
Destiny Anderson,293.436.5555x70337
Rodney Wallace,001-840-259-7518x1556
Jason Whitney,+1-269-463-6533x94647
Joy Warren,+1-368-487-1367x5740
Haley Burnett,+1-215-485-6788x68144
Justin Martinez,347-558-3970x7623
Carrie Sanchez,+1-604-760-4109x420
Diana Cook,(403)562-4077x653
Anthony Tucker,(267)503-3786x3348
Kenneth Garrett,7397360241
Linda Le,(715)759-0151
Heather Gibbs,001-673-781-4461
Randall Odonnell Jr.,233-460-1179
Barbara Banks,650.958.9901x3741
Lawrence Weaver,+1-720-850-8534x659
Belinda Thompson,001-934-713-8680x860
Tracey Carr,715.247.2744
